,ts,series_errors,approximant_errors
0,0.0,0.0,0.0
1,0.0031429903146524512,2.2204446783486417e-16,0.0
2,0.0062859806293049025,2.2204405656444742e-16,0.0
3,0.009428970943957353,1.1102168555701748e-15,0.0
4,0.012571961258609805,5.7731026985853e-15,0.0
5,0.015714951573262255,2.2870241300533742e-14,0.0
6,0.018857941887914707,6.861025793356153e-14,0.0
7,0.02200093220256716,1.7296751438075226e-13,0.0
8,0.02514392251721961,3.8545420293329215e-13,0.0
9,0.02828691283187206,7.813358888478605e-13,2.2203350066719537e-16
10,0.03142990314652451,1.4705106240632146e-12,2.22030895978139e-16
11,0.034572893461176965,2.6054987808704615e-12,0.0
12,0.03771588377582941,4.391429786760664e-12,0.0
13,0.04085887409048187,7.0980253372777295e-12,2.2202143688701062e-16
14,0.04400186440513432,1.1072468505943193e-11,0.0
15,0.04714485471978677,1.6749828122659512e-11,0.0
16,0.05028784503443922,2.4669918794332073e-11,2.2200951030257174e-16
17,0.05343083534909167,3.549127116938211e-11,0.0
18,0.05657382566374412,5.000865045072902e-11,0.0
19,0.05971681597839657,6.916901633884192e-11,0.0
20,0.06285980629304902,9.409147395633728e-11,2.219897699834549e-16
21,0.06600279660770147,1.2608566502778616e-10,0.0
22,0.06914578692235393,1.6667215073761894e-10,2.2197825493224198e-16
23,0.07228877723700639,2.1760567328814045e-10,2.2197208619569598e-16
24,0.07543176755165883,2.8089641179771536e-10,2.2196564332353374e-16
25,0.07857475786631128,3.5883411545438005e-10,0.0
26,0.08171774818096374,4.54012005409148e-10,0.0
27,0.08486073849561618,5.69353552057995e-10,2.2194466993386526e-16
28,0.08800372881026863,7.081401289708166e-10,0.0
29,0.09114671912492109,8.740362136125832e-10,0.0
30,0.09428970943957354,1.0711205677669374e-09,0.0
31,0.09743269975422598,1.3039149627370518e-09,2.2191286777556336e-16
32,0.10057569006887844,1.5774159967832895e-09,0.0
33,0.1037186803835309,1.897126452851517e-09,2.2189532208134902e-16
34,0.10686167069818334,2.269087970981392e-09,0.0
35,0.11000466101283579,2.699915921687334e-09,4.437533600674023e-16
36,0.11314765132748825,3.196834260110217e-09,0.0
37,0.1162906416421407,3.7677103600310726e-09,0.0
38,0.11943363195679314,4.421094485618043e-09,2.2184666140043635e-16
39,0.1225766222714456,5.166255246838401e-09,0.0
40,0.12571961258609804,6.013220799182935e-09,2.2182527867535866e-16
41,0.1288626029007505,6.972817134003577e-09,0.0
42,0.13200559321540295,8.056710335311155e-09,2.2180279976874512e-16
43,0.1351485835300554,9.277449473697839e-09,2.217911492644715e-16
44,0.13829157384470786,1.0648507696458708e-08,0.0
45,0.14143456415936032,1.218432683588329e-08,0.0
46,0.14457755447401277,1.3900364202718174e-08,2.2175455363386883e-16
47,0.1477205447886652,1.5813137127905652e-08,0.0
48,0.15086353510331765,1.794027035204788e-08,2.2172878652367925e-16
49,0.1540065254179701,2.0300543156203537e-08,0.0
50,0.15714951573262256,2.2913940888611277e-08,0.0
51,0.16029250604727502,2.5801702681708043e-08,2.2168808098116144e-16
52,0.16343549636192747,2.8986373340034758e-08,2.2167396453268946e-16
53,0.16657848667657993,3.249185496267193e-08,2.2165957413127845e-16
54,0.16972147699123236,3.6343460737040694e-08,0.0
55,0.1728644673058848,4.056796779884886e-08,2.216299715048842e-16
56,0.17600745762053727,4.5193672703031274e-08,4.4322951859585855e-16
57,0.17915044793518972,5.0250446843803297e-08,6.647978195222747e-16
58,0.18229343824984218,5.5769793816620546e-08,6.647505394283698e-16
59,0.18543642856449463,6.17849058391998e-08,6.647024376408143e-16
60,0.1885794188791471,6.833072499087833e-08,1.1077558569813867e-15
61,0.19172240919379951,7.544399996181943e-08,1.1076729485035504e-15
62,0.19486539950845197,8.31633478380733e-08,1.107588670684828e-15
63,0.19800838982310442,9.152931626672605e-08,1.5505042330068694e-15
64,0.20115138013775688,1.0058444444888084e-07,1.9933488130139758e-15
65,0.20429437045240934,1.1037332761022564e-07,2.214655243396991e-15
66,0.2074373607670618,1.2094268118095653e-07,3.1002660276990376e-15
67,0.21058035108171425,1.3234140446205165e-07,3.542869578543735e-15
68,0.21372334139636667,1.4462064909031754e-07,4.2068061520224864e-15
69,0.21686633171101913,1.5783388454890902e-07,4.649233632973474e-15
70,0.22000932202567158,1.7203696581482362e-07,5.9770718540884156e-15
71,0.22315231234032404,1.8728820314028178e-07,7.304672487246034e-15
72,0.2262953026549765,2.0364843042348097e-07,8.189362368877295e-15
73,0.22943829296962895,2.2118107858582068e-07,9.51651277897432e-15
74,0.2325812832842814,2.3995224310712866e-07,1.1507293695812872e-14
75,0.23572427359893383,2.600307598821709e-07,1.3718969069726626e-14
76,0.2388672639135863,2.81488275230953e-07,1.5708963433138327e-14
77,0.24201025422823874,3.0439932311730107e-07,1.83622596378804e-14
78,0.2451532445428912,3.2884139762356714e-07,2.145744836374222e-14
79,0.24829623485754365,3.5489503107846215e-07,2.5215579999875555e-14
80,0.2514392251721961,3.8264386810074683e-07,2.919411197412004e-14
81,0.25458221548684856,4.121747450687291e-07,3.3835255076980304e-14
82,0.257725205801501,4.4357776837598883e-07,3.935991668606431e-14
83,0.2608681961161535,4.769463916930955e-07,4.5325607268253555e-14
84,0.2640111864308059,5.123774988661977e-07,5.239540197470998e-14
85,0.2671541767454584,5.499714829408542e-07,6.034787688189506e-14
86,0.2702971670601108,5.898323277215778e-07,6.940375569849313e-14
87,0.27344015737476324,6.320676909789494e-07,7.934164603416127e-14
88,0.2765831476894157,6.767889886378182e-07,9.126614357332705e-14
89,0.27972613800406815,7.24111476187203e-07,1.0429272014971355e-13
90,0.28286912831872063,7.741543372537417e-07,1.1930470220550822e-13
91,0.28601211863337306,8.27040765192547e-07,1.3630137193415868e-13
92,0.28915510894802554,8.828980529395643e-07,1.5506111198909582e-13
93,0.29229809926267797,9.418576791900841e-07,1.764666887949697e-13
94,0.2954410895773304,1.0040553959830308e-06,2.0029627673447441e-13
95,0.2985840798919829,1.0696313183498517e-06,2.2721136579607185e-13
96,0.3017270702066353,1.138730013153644e-06,2.578731140080526e-13
97,0.3048700605212878,1.2115005897657128e-06,2.9161780718395665e-13
98,0.3080130508359402,1.2880967910303652e-06,3.295478528236711e-13
99,0.3111560411505927,1.3686770858393164e-06,3.7188228924668575e-13
100,0.3142990314652451,1.4534047613256392e-06,4.195020378093779e-13
101,0.31744202177989755,1.5424480151162278e-06,4.721843122719806e-13
102,0.32058501209455004,1.635980051169976e-06,5.308094936209275e-13
103,0.32372800240920246,1.7341791739016285e-06,5.964780669627498e-13
104,0.32687099272385495,1.8372288825751524e-06,6.691870929361022e-13
105,0.3300139830385074,1.94531796993326e-06,7.502567839306761e-13
106,0.33315697335315986,2.0586406155747454e-06,8.399040807428193e-13
107,0.3362999636678123,2.1773964877511337e-06,9.394481250925801e-13
108,0.3394429539824647,2.3017908388021357e-06,1.0493255020936016e-12
109,0.3425859442971172,2.43203460371086e-06,1.171294986338759e-12
110,0.3457289346117696,2.568344502874945e-06,1.3057919948390351e-12
111,0.3488719249264221,2.710943139170624e-06,1.4543533952884979e-12
112,0.35201491524107453,2.8600591009895088e-06,1.6182947810394592e-12
113,0.355157905555727,3.0159270617666965e-06,1.7989309012581647e-12
114,0.35830089587037944,3.1787878861327494e-06,1.9980161728637275e-12
115,0.36144388618503187,3.3488887277041915e-06,2.2168634194116747e-12
116,0.36458687649968435,3.5264831367944464e-06,2.457224970233371e-12
117,0.3677298668143368,3.7118311635010753e-06,2.7215124943665095e-12
118,0.37087285712898926,3.905199460793719e-06,3.0119159477150376e-12
119,0.3740158474436417,4.106861391341418e-06,3.3297433912565307e-12
120,0.3771588377582942,4.3170971349913145e-06,3.6785026253931e-12
121,0.3803018280729466,4.536193792053995e-06,4.05971878386351e-12
122,0.38344481838759903,4.764445494056948e-06,4.477335900844219e-12
123,0.3865878087022515,5.002153508316785e-06,4.933535576354378e-12
124,0.38973079901690394,5.2496263484301004e-06,5.43181741641904e-12
125,0.3928737893315564,5.507179883196639e-06,5.975898462006916e-12
126,0.39601677964620885,5.775137444632715e-06,6.5694931037129475e-12
127,0.39915976996086133,6.053829939249414e-06,7.216532870690424e-12
128,0.40230276027551376,6.343595958852037e-06,7.921166209801681e-12
129,0.4054457505901662,6.644781890418363e-06,8.688197791102153e-12
130,0.40858874090481867,6.957742029228197e-06,9.522648464829263e-12
131,0.4117317312194711,7.282838689964479e-06,1.0429755022842556e-11
132,0.4148747215341236,7.620442320397545e-06,1.1414969955981416e-11
133,0.418017711848776,7.970931613473297e-06,1.2484839694486978e-11
134,0.4211607021634285,8.334693622195305e-06,1.3645466529702514e-11
135,0.4243036924780809,8.712123873122587e-06,1.4904045739504354e-11
136,0.42744668279273335,9.103626480895788e-06,1.6267547516818096e-11
137,0.43058967310738583,9.509614264884209e-06,1.7744472858497048e-11
138,0.43373266342203826,9.930508862022875e-06,1.9342877233831944e-11
139,0.43687565373669074,1.0366740846810336e-05,2.107190664662562e-11
140,0.44001864405134317,1.0818749843757851e-05,2.294091913890927e-11
141,0.44316163436599565,1.12869846474285e-05,2.4960361771741164e-11
142,0.4463046246806481,1.1771903338869884e-05,2.7141111690765228e-11
143,0.4494476149953005,1.2273973403045094e-05,2.9494475605612206e-11
144,0.452590605309953,1.279367184747621e-05,3.2032627670897905e-11
145,0.4557335956246054,1.3331485321656594e-05,3.476904688463096e-11
146,0.4588765859392579,1.3887910235035987e-05,3.7717420113876853e-11
147,0.4620195762539103,1.4463452876862493e-05,4.089251806740698e-11
148,0.4651625665685628,1.5058629536999172e-05,4.43099750703227e-11
149,0.46830555688321523,1.5673966624862842e-05,4.798606906203503e-11
150,0.47144854719786766,1.631000079064397e-05,5.1938815604742483e-11
151,0.47459153751252015,1.6967279046611432e-05,5.618665249816882e-11
152,0.4777345278271726,1.7646358888498066e-05,6.074975242507912e-11
153,0.48087751814182506,1.8347808416743957e-05,6.564848917678641e-11
154,0.4840205084564775,1.907220645846885e-05,7.090562516279167e-11
155,0.48716349877112997,1.982014269060612e-05,7.654455879092716e-11
156,0.4903064890857824,2.059221776178674e-05,8.258976096877023e-11
157,0.4934494794004348,2.1389043416250888e-05,8.906786708815744e-11
158,0.4965924697150873,2.221124261584499e-05,9.600701868441339e-11
159,0.49973546002973973,2.3059449665567172e-05,1.0343555008541372e-10
160,0.5028784503443922,2.393431033565873e-05,1.1138570301342251e-10
161,0.5060214406590446,2.4836481986578637e-05,1.1988947086014656e-10
162,0.5091644309736971,2.5766633693794298e-05,1.289820937273785e-10
163,0.5123074212883496,2.6725446371292673e-05,1.3869987062095672e-10
164,0.515450411603002,2.7713612898176313e-05,1.490810313397491e-10
165,0.5185934019176545,2.8731838242659434e-05,1.6016682558216227e-10
166,0.521736392232307,2.978083958804703e-05,1.7199955484812536e-10
167,0.5248793825469593,3.0861346458725764e-05,1.846249712751641e-10
168,0.5280223728616118,3.197410084419853e-05,1.9809009163391148e-10
169,0.5311653631762643,3.3119857328359454e-05,2.1244515858323438e-10
170,0.5343083534909168,3.429938321287488e-05,2.2774341851427409e-10
171,0.5374513438055691,3.551345864514026e-05,2.440400274458544e-10
172,0.5405943341202216,3.676287674513388e-05,2.613935742086008e-10
173,0.5437373244348741,3.8048443731164563e-05,2.798654221341824e-10
174,0.5468803147495265,3.937097904756086e-05,2.995203589352114e-10
175,0.550023305064179,4.0731315492551545e-05,3.2042593855783155e-10
176,0.5531662953788314,4.213029934393647e-05,3.4265378407472767e-10
177,0.5563092856934839,4.356879048777268e-05,3.6627936449354633e-10
178,0.5594522760081363,4.504766254593012e-05,3.9138090094752146e-10
179,0.5625952663227888,4.656780300294912e-05,4.180406685268329e-10
180,0.5657382566374413,4.8130113335024926e-05,4.4634629629101723e-10
181,0.5688812469520936,4.9735509136760215e-05,4.763885844566259e-10
182,0.5720242372667461,5.138492025025163e-05,5.082623696151114e-10
183,0.5751672275813986,5.307929089215285e-05,5.420686934603026e-10
184,0.5783102178960511,5.4819579782408665e-05,5.77911750563527e-10
185,0.5814532082107035,5.660676027313054e-05,6.159021437257273e-10
186,0.5845961985253559,5.844182047587054e-05,6.561551365768583e-10
187,0.5877391888400084,6.032576338924625e-05,6.987908638307803e-10
188,0.5908821791546608,6.225960702995225e-05,7.439360615980451e-10
189,0.5940251694693133,6.424438455889561e-05,7.917231892575925e-10
190,0.5971681597839658,6.628114441049132e-05,8.422902037587071e-10
191,0.6003111500986182,6.83709504207663e-05,8.957827217028718e-10
192,0.6034541404132706,7.051488195600482e-05,9.523520551780832e-10
193,0.6065971307279231,7.27140340417127e-05,1.012156504500317e-09
194,0.6097401210425756,7.496951748950836e-05,1.0753617813636736e-09
195,0.612883111357228,7.728245902757724e-05,1.1421407806943181e-09
196,0.6160261016718804,7.965400142795791e-05,1.2126755205645376e-09
197,0.6191690919865329,8.208530363369429e-05,1.287154310911565e-09
198,0.6223120823011854,8.457754089018246e-05,1.3657745599839833e-09
199,0.6254550726158378,8.713190486986878e-05,1.448742327042657e-09
200,0.6285980629304903,8.974960380286588e-05,1.536272958400337e-09
201,0.6317410532451427,9.243186260481116e-05,1.6285915057922807e-09
202,0.6348840435597951,9.517992300304887e-05,1.7259318451357899e-09
203,0.6380270338744476,9.799504366697664e-05,1.8285386097183005e-09
204,0.6411700241891001,0.00010087850033302445,1.9366665240002143e-09
205,0.6443130145037526,0.00010383158593530074,2.050581468578897e-09
206,0.6474560048184049,0.00010685561073107863,2.1705608945571014e-09
207,0.6505989951330574,0.0001099519024286922,2.2968931561058243e-09
208,0.6537419854477099,0.00011312180631610383,2.429879437338339e-09
209,0.6568849757623623,0.00011636668538473465,2.5698330830685213e-09
210,0.6600279660770147,0.00011968792045979319,2.7170806584480945e-09
211,0.6631709563916672,0.00012308691032628742,2.8719619268720217e-09
212,0.6663139467063197,0.000126565071853961,3.034831123009886e-09
213,0.6694569370209721,0.00013012384012525065,3.20605584926663e-09
214,0.6725999273356246,0.00013376466856129097,3.3860196419818486e-09
215,0.675742917650277,0.00013748902904769003,3.5751215130462968e-09
216,0.6788859079649294,0.00014129841205963933,3.773775707579817e-09
217,0.6820288982795819,0.00014519432679023422,3.982414480121601e-09
218,0.6851718885942344,0.0001491783012703544,4.201484830642503e-09
219,0.6883148789088869,0.0001532518825007998,4.431453649494895e-09
220,0.6914578692235392,0.00015741663657080338,4.67280531356773e-09
221,0.6946008595381917,0.00016167414878662988,4.9260429472339306e-09
222,0.6977438498528442,0.0001660260237938728,5.191689034868405e-09
223,0.7008868401674966,0.00017047388570335675,5.47028796910382e-09
224,0.7040298304821491,0.00017501937821181042,5.7624021388336215e-09
225,0.7071728207968015,0.00017966416472871475,6.068617703878223e-09
226,0.710315811111454,0.00018440992849748098,6.389543047289791e-09
227,0.7134588014261064,0.0001892583727180583,6.725808089784751e-09
228,0.7166017917407589,0.0001942112206709618,7.078067903585194e-09
229,0.7197447820554114,0.00019927021583777062,7.447001162508847e-09
230,0.7228877723700637,0.00020443712202454086,7.833312460802234e-09
231,0.7260307626847162,0.00020971372348189393,8.237732050382863e-09
232,0.7291737529993687,0.0002151018250269333,8.661017724807576e-09
233,0.7323167433140212,0.00022060325216333133,9.103954123853848e-09
234,0.7354597336286736,0.0002262198512028014,9.567355257082023e-09
235,0.738602723943326,0.00023195348938408688,1.0052064662831948e-08
236,0.7417457142579785,0.00023780605499225158,1.0558955566260857e-08
237,0.7448887045726309,0.0002437794574799808,1.1088934251898264e-08
238,0.7480316948872834,0.0002498756275838109,1.1642937428983643e-08
239,0.7511746852019359,0.00025609651744321705,1.22219360279093e-08
240,0.7543176755165883,0.0002624441007197635,1.2826935990628508e-08
241,0.7574606658312407,0.0002689203727126704,1.3458977131877477e-08
242,0.7606036561458932,0.0002755273504782887,1.4119137352658427e-08
243,0.7637466464605457,0.00028226707294405444,1.4808531067858815e-08
244,0.7668896367751981,0.0002891416010256971,1.5528311272320555e-08
245,0.7700326270898505,0.00029615301774405434,1.6279671388352134e-08
246,0.773175617404503,0.0003033034283384933,1.7063846040004642e-08
247,0.7763186077191555,0.0003105949603816422,1.788211097011848e-08
248,0.7794615980338079,0.00031802976389606213,1.8735786374769014e-08
249,0.7826045883484604,0.00032561001146409383,1.9626235958992265e-08
250,0.7857475786631128,0.0003333378983432682,2.0554870049812422e-08
251,0.7888905689777652,0.0003412156425795809,2.1523147208227473e-08
252,0.7920335592924177,0.0003492454851182002,2.2532572849868866e-08
253,0.7951765496070702,0.00035742968991523414,2.3584702986307905e-08
254,0.7983195399217227,0.0003657705440488415,2.4681145825698286e-08
255,0.801462530236375,0.00037427035782946886,2.582356059803348e-08
256,0.8046055205510275,0.00038293146491133847,2.7013662987208374e-08
257,0.80774851086568,0.0003917562223990016,2.825322288249305e-08
258,0.8108915011803324,0.0004007470109581163,2.954406830860845e-08
259,0.8140344914949849,0.0004099062349231976,3.088808508913552e-08
260,0.8171774818096373,0.00041923632240446507,3.22872214037671e-08
261,0.8203204721242898,0.0004287397253952759,3.3743486165687965e-08
262,0.8234634624389422,0.00043841891987885553,3.525895271734055e-08
263,0.8266064527535947,0.00044827640593304765,3.683575932835521e-08
264,0.8297494430682472,0.0004583147078354165,3.847611181612732e-08
265,0.8328924333828995,0.00046853637416954526,4.018228615948276e-08
266,0.836035423697552,0.00047894397792508684,4.195662707018628e-08
267,0.8391784140122045,0.0004895401166053733,4.380155420864355e-08
268,0.842321404326857,0.000500327412326219,4.571956032029942e-08
269,0.8454643946415094,0.0005113085119195086,4.7713215738821515e-08
270,0.8486073849561618,0.0005224860870341254,4.9785169484767196e-08
271,0.8517503752708143,0.0005338628342352861,5.193814972401511e-08
272,0.8548933655854667,0.000545441475105661,5.41749688859275e-08
273,0.8580363559001192,0.000557224756344249,5.649852410779639e-08
274,0.8611793462147717,0.0005692154498634272,5.891179831163291e-08
275,0.8643223365294241,0.0005814163528879803,6.141786508742972e-08
276,0.8674653268440765,0.000593830288050389,6.401988763799718e-08
277,0.870608317158729,0.0006064601034889309,6.672112428227883e-08
278,0.8737513074733815,0.0006193086729413946,6.952492886890105e-08
279,0.8768942977880338,0.0006323788958407489,7.243475330057726e-08
280,0.8800372881026863,0.000645673697408319,7.545415047333046e-08
281,0.8831802784173388,0.0006591960287478467,7.858677678435067e-08
282,0.8863232687319913,0.0006729488669355697,8.18363933647407e-08
283,0.8894662590466437,0.0006869352151160295,8.52068717401913e-08
284,0.8926092493612962,0.0007011581025881863,8.870219187951289e-08
285,0.8957522396759486,0.000715620584898306,9.232644868274837e-08
286,0.898895229990601,0.0007303257439282114,9.608385296943761e-08
287,0.9020382203052535,0.0007452766879837477,9.997873499131314e-08
288,0.905181210619906,0.0007604765518832441,1.0401554666989184e-07
289,0.9083242009345585,0.0007759284970421738,1.0819886403663767e-07
290,0.9114671912492108,0.0007916357115611673,1.125333913490035e-07
291,0.9146101815638633,0.0008076014103108461,1.1702396372062337e-07
292,0.9177531718785158,0.000823828835014103,1.2167554826942367e-07
293,0.9208961621931682,0.0008403212543325565,1.264932511487814e-07
294,0.9240391525078206,0.0008570819639462337,1.3148231635974426e-07
295,0.9271821428224731,0.0008741142866372038,1.3664813170789476e-07
296,0.9303251331371256,0.0008914215723708445,1.4199623117153033e-07
297,0.933468123451778,0.0009090071983726396,1.4753229810063272e-07
298,0.9366111137664305,0.0009268745692105851,1.5326216882444492e-07
299,0.939754104081083,0.0009450271168720616,1.591918351975446e-07
300,0.9428970943957353,0.0009634683008412618,1.6532745049208676e-07
301,0.9460400847103878,0.000982201608175067,1.7167532919152946e-07
302,0.9491830750250403,0.0010012305535794623,1.78241953906789e-07
303,0.9523260653396928,0.001020558679483761,1.8503397724351634e-07
304,0.9554690556543451,0.001040189556113679,1.9205822638307148e-07
305,0.9586120459689976,0.0010601267815645117,1.993217057639629e-07
306,0.9617550362836501,0.0010803739818737788,2.0683160226339556e-07
307,0.9648980265983025,0.0011009348110908145,2.1459528868822884e-07
308,0.968041016912955,0.0011218129513466556,2.2262032578897255e-07
309,0.9711840072276074,0.0011430121129246287,2.3091447032529973e-07
310,0.9743269975422599,0.0011645360343262017,2.394856741230351e-07
311,0.9774699878569123,0.0011863884823396138,2.4834209377919496e-07
312,0.9806129781715648,0.00120857325210564,2.5749208906506136e-07
313,0.9837559684862173,0.0012310941671819426,2.6694423259602975e-07
314,0.9868989588008696,0.0012539550796080961,2.7670730966847493e-07
315,0.9900419491155221,0.001277159869969394,2.8679032601435303e-07
316,0.9931849394301746,0.001300712447456311,2.9720251032034854e-07
317,0.9963279297448271,0.0013246167499285776,3.079533196513643e-07
318,0.9994709200594795,0.0013488767439740576,3.190524431883972e-07
319,1.002613910374132,0.0013734964249682683,3.305098082405183e-07
320,1.0057569006887843,0.0013984798171320296,3.423355841546244e-07
321,1.0088998910034368,0.0014238309735895283,3.545401870406774e-07
322,1.0120428813180893,0.0014495539764230471,3.671342846861699e-07
323,1.0151858716327418,0.0014756529367293437,3.801288022824864e-07
324,1.0183288619473942,0.001502131994674133,3.935349264678767e-07
325,1.0214718522620467,0.001528995319542395,4.07364110806324e-07
326,1.0246148425766992,0.001556247109794041,4.216280814525674e-07
327,1.0277578328913515,0.0015838915931120684,4.363388409279153e-07
328,1.030900823206004,0.0016119330264544023,4.51508676233339e-07
329,1.0340438135206564,0.0016403756961011224,4.671501605080776e-07
330,1.037186803835309,0.0016692239177030748,4.832761621346566e-07
331,1.0403297941499614,0.0016984820363285592,4.998998480132255e-07
332,1.043472784464614,0.0017281544265095178,5.170346890959845e-07
333,1.0466157747792664,0.0017582454922851652,5.346944685884736e-07
334,1.0497587650939186,0.0017887596672453204,5.528932841224831e-07
335,1.0529017554085711,0.0018197014145744737,5.716455561163435e-07
336,1.0560447457232236,0.0018510752270914056,5.909660334175427e-07
337,1.059187736037876,0.0018828856272907677,6.108697987144083e-07
338,1.0623307263525286,0.0019151371673810332,6.313722743367067e-07
339,1.065473716667181,0.0019478344293237717,6.524892298883053e-07
340,1.0686167069818335,0.0019809820248694937,6.742367863426242e-07
341,1.0717596972964858,0.002014584595594591,6.966314246529586e-07
342,1.0749026876111383,0.0020486468129354597,7.196899900011748e-07
343,1.0780456779257908,0.0020831733782222606,7.434296999382597e-07
344,1.0811886682404432,0.0021181690227117024,7.67868150844643e-07
345,1.0843316585550957,0.002153638507617598,7.930233223036459e-07
346,1.0874746488697482,0.002189586624143511,8.189135878289883e-07
347,1.0906176391844007,0.0022260181935084412,8.455577177375138e-07
348,1.093760629499053,0.002262938066977458,8.729748883736648e-07
349,1.0969036198137054,0.0023003511258882364,9.011846878040349e-07
350,1.100046610128358,0.0023382622816767763,9.302071245639875e-07
351,1.1031896004430104,0.0023766764759002453,9.60062632262472e-07
352,1.1063325907576629,0.002415598680264326,9.907720799054572e-07
353,1.1094755810723154,0.002455033896641722,1.0223567762308062e-06
354,1.1126185713869678,0.0024949871570949488,1.0548384783218127e-06
355,1.11576156170162,0.002535463523897655,1.088239400182934e-06
356,1.1189045520162726,0.0025764680895513942,1.122582217796373e-06
357,1.122047542330925,0.002618005976804402,1.157890079266978e-06
358,1.1251905326455776,0.00266008233866888,1.1941866106278431e-06
359,1.12833352296023,0.0027027023584351496,1.231495924886275e-06
360,1.1314765132748825,0.0027458712496865544,1.2698426291894868e-06
361,1.134619503589535,0.0027895942563136663,1.309251832975847e-06
362,1.1377624939041873,0.002833876652523917,1.3497491560870866e-06
363,1.1409054842188397,0.0028787237428546026,1.3913607376575353e-06
364,1.1440484745334922,0.0029241408621812964,1.434113241289637e-06
365,1.1471914648481447,0.0029701333757273744,1.4780338681495571e-06
366,1.1503344551627972,0.003016706679069758,1.5231503612448905e-06
367,1.1534774454774497,0.00306386619814656,1.5694910155796629e-06
368,1.1566204357921022,0.0031116173892613472,1.6170846862262021e-06
369,1.1597634261067544,0.0031599657390870488,1.665960798186859e-06
370,1.162906416421407,0.003208916764668698,1.7161493535644007e-06
371,1.1660494067360594,0.003258476013425005,1.7676809405222758e-06
372,1.1691923970507119,0.003308649063147518,1.8205867432153885e-06
373,1.1723353873653644,0.0033594415220012407,1.8748985494381343e-06
374,1.1754783776800168,0.003410859028521406,1.930648760665861e-06
375,1.1786213679946693,0.003462907251611685,1.9878704012347935e-06
376,1.1817643583093216,0.003515591890536919,2.0465971260545743e-06
377,1.184907348623974,0.0035689186749203075,2.1068632317224728e-06
378,1.1880503389386265,0.003622893364735914,2.168703664949423e-06
379,1.191193329253279,0.0036775217502987294,2.2321540317489696e-06
380,1.1943363195679315,0.0037328096522583312,2.297250608195417e-06
381,1.197479309882584,0.003788762921585838,2.3640303484974245e-06
382,1.2006223001972365,0.0038453874395648494,2.4325308954502573e-06
383,1.2037652905118887,0.003902689117776264,2.5027905908329234e-06
384,1.2069082808265412,0.00396067389808687,2.574848483932218e-06
385,1.2100512711411937,0.0040193477526305876,2.648744341631398e-06
386,1.2131942614558462,0.004078716683797087,2.7245186602590894e-06
387,1.2163372517704987,0.004138786724209226,2.8022126731420882e-06
388,1.2194802420851512,0.004199563936708434,2.881868362543341e-06
389,1.2226232323998036,0.004261054414331329,2.9635284689183616e-06
390,1.225766222714456,0.004323264280292241,3.047236501727208e-06
391,1.2289092130291084,0.0043861996879577606,3.13303674958228e-06
392,1.2320522033437609,0.004449866820825759,3.2209742913427283e-06
393,1.2351951936584133,0.0045142718924988424,3.311095005337226e-06
394,1.2383381839730658,0.004579421146659237,3.4034455809404197e-06
395,1.2414811742877183,0.004645320857043102,3.4980735296825633e-06
396,1.2446241646023708,0.00471197732741065,3.5950271952913577e-06
397,1.247767154917023,0.004779396891516874,3.694355763672251e-06
398,1.2509101452316755,0.00484758591308267,3.7961092766358885e-06
399,1.254053135546328,0.004916550785760943,3.900338638538091e-06
400,1.2571961258609805,0.004986297933106087,4.007095632079442e-06
401,1.260339116175633,0.005056833808537428,4.116432925615954e-06
402,1.2634821064902855,0.005128164895306236,4.228404087215473e-06
403,1.266625096804938,0.0052002977064574615,4.343063593237605e-06
404,1.2697680871195902,0.005273238784795415,4.46046684244769e-06
405,1.2729110774342427,0.0053469947028399875,4.580670164259222e-06
406,1.2760540677488952,0.005421572062791157,4.703730833302435e-06
407,1.2791970580635477,0.0054969774964864215,4.829707078523823e-06
408,1.2823400483782001,0.0055732176653579164,4.958658095809271e-06
409,1.2854830386928526,0.005650299260391008,5.090644060728786e-06
410,1.2886260290075051,0.005728229002076588,5.225726137020021e-06
411,1.2917690193221574,0.00580701364036977,5.363966492172401e-06
412,1.2949120096368099,0.005886659954638521,5.505428306157571e-06
413,1.2980549999514623,0.005967174753619047,5.650175784864261e-06
414,1.3011979902661148,0.006048564875365851,5.798274172058153e-06
415,1.3043409805807673,0.006130837187200415,5.949789761063388e-06
416,1.3074839708954198,0.006213998585660861,6.104789905570517e-06
417,1.3106269612100723,0.006298055996449803,6.263343034533115e-06
418,1.3137699515247245,0.006383016374379418,6.4255186608261105e-06
419,1.316912941839377,0.00646888670331823,6.591387397164292e-06
420,1.3200559321540295,0.006555673996134103,6.761020964992325e-06
421,1.323198922468682,0.006643385294637154,6.934492208249124e-06
422,1.3263419127833345,0.006732027669522787,7.1118751060518636e-06
423,1.329484903097987,0.0068216082203116715,7.293244784303075e-06
424,1.3326278934126394,0.006912134075289608,7.478677529188094e-06
425,1.3357708837272917,0.007003612391445716,7.66825079722268e-06
426,1.3389138740419442,0.00709605035441046,7.862043230152775e-06
427,1.3420568643565967,0.007189455178391972,8.060134667585233e-06
428,1.3451998546712491,0.007283834106111042,8.262606156372222e-06
429,1.3483428449859016,0.007379194408735506,8.469539967400053e-06
430,1.351485835300554,0.0074755433858136955,8.681019605575058e-06
431,1.3546288256152066,0.007572888365205506,8.897129822675459e-06
432,1.3577718159298588,0.00767123670301443,9.117956630696619e-06
433,1.3609148062445113,0.007770595783517791,9.343587314507463e-06
434,1.3640577965591638,0.0078709730190932,9.57411044381994e-06
435,1.3672007868738163,0.00797237585014966,9.809615887810637e-06
436,1.3703437771884688,0.008074811745051905,1.0050194824338784e-05
437,1.3734867675031213,0.008178288200046851,1.0295939756919034e-05
438,1.3766297578177737,0.008282812739189288,1.0546944524914962e-05
439,1.379772748132426,0.008388392914263585,1.0803304316380912e-05
440,1.3829157384470785,0.008495036304707765,1.1065115682561325e-05
441,1.386058728761731,0.00860275051753472,1.1332476548758551e-05
442,1.3892017190763835,0.008711543187252235,1.1605486228425107e-05
443,1.392344709391036,0.008821421975783268,1.1884245435581762e-05
444,1.3954876997056884,0.008932394572384799,1.2168856298105588e-05
445,1.398630690020341,0.00904446869356398,1.2459422369346724e-05
446,1.4017736803349932,0.00915765208299672,1.2756048642954796e-05
447,1.4049166706496456,0.00927195251144139,1.3058841564274435e-05
448,1.4080596609642981,0.009387377776654372,1.3367909042997618e-05
449,1.4112026512789506,0.00950393570330435,1.3683360467455627e-05
450,1.414345641593603,0.009621634142883584,1.400530671567964e-05
451,1.4174886319082556,0.009740480973620394,1.4333860170046435e-05
452,1.420631622222908,0.009860484100390362,1.4669134727916154e-05
453,1.4237746125375603,0.009981651454625196,1.5011245816820742e-05
454,1.4269176028522128,0.010103990994223194,1.5360310405257113e-05
455,1.4300605931668653,0.010227510703455402,1.571644701666511e-05
456,1.4332035834815178,0.010352218592873707,1.607977574114946e-05
457,1.4363465737961703,0.010478122699217505,1.645041824921484e-05
458,1.4394895641108227,0.010605231085318382,1.682849780324623e-05
459,1.4426325544254752,0.010733551840004319,1.72141392719655e-05
460,1.4457755447401275,0.010863093078002822,1.7607469140118313e-05
461,1.44891853505478,0.010993862939845665,1.8008615524228373e-05
462,1.4520615253694324,0.011125869591767687,1.8417708182615604e-05
463,1.455204515684085,0.011259121225610071,1.8834878529155233e-05
464,1.4583475059987374,0.01139362605871974,1.9260259645747345e-05
465,1.46149049631339,0.011529392333847996,1.9693986293308912e-05
466,1.4646334866280424,0.011666428319049101,2.0136194925721802e-05
467,1.4677764769426946,0.011804742307578992,2.058702370171966e-05
468,1.4709194672573471,0.011944342617790264,2.1046612495683097e-05
469,1.4740624575719996,0.012085237593029916,2.1515102912150694e-05
470,1.477205447886652,0.012227435601532768,2.1992638295578426e-05
471,1.4803484382013046,0.012370945036317775,2.247936374323581e-05
472,1.483491428515957,0.012515774315079947,2.2975426117962882e-05
473,1.4866344188306095,0.012661931880084182,2.3480974059062598e-05
474,1.4897774091452618,0.012809426198057364,2.3996157993634108e-05
475,1.4929203994599143,0.012958265760079028,2.4521130149300403e-05
476,1.4960633897745668,0.013108459081473118,2.5056044565453635e-05
477,1.4992063800892192,0.01326001470169695,2.5601057104552743e-05
478,1.5023493704038717,0.013412941184230448,2.615632546270773e-05
479,1.5054923607185242,0.013567247116466515,2.6722009184324216e-05
480,1.5086353510331767,0.013722941109594983,2.7298269668389858e-05
481,1.511778341347829,0.013880031798494697,2.7885270183404717e-05
482,1.5149213316624814,0.01403852784161566,2.8483175877008468e-05
483,1.518064321977134,0.014198437920867966,2.9092153786799886e-05
484,1.5212073122917864,0.014359770741505493,2.971237285196119e-05
485,1.524350302606439,0.014522535032009669,3.0344003921499958e-05
486,1.5274932929210914,0.014686739543976073,3.0987219769001086e-05
487,1.5306362832357439,0.014852393051995982,3.1642195098859966e-05
488,1.5337792735503961,0.01501950435353881,3.23091065586428e-05
489,1.5369222638650486,0.015188082268835603,3.298813275014993e-05
490,1.540065254179701,0.015358135640759475,3.367945423672471e-05
491,1.5432082444943536,0.015529673334707976,3.4383253555531964e-05
492,1.546351234809006,0.01570270423848228,3.50997152262682e-05
493,1.5494942251236585,0.0158772372621685,3.5829025760856114e-05
494,1.552637215438311,0.016053281338015188,3.657137367317255e-05
495,1.5557802057529633,0.016230845420315654,3.732694948843069e-05
496,1.5589231960676158,0.016409938485282553,3.80959457512736e-05
497,1.5620661863822682,0.01659056953092924,3.887855703673063e-05
498,1.5652091766969207,0.016772747576945194,3.967497995667507e-05
499,1.5683521670115732,0.016956481664574436,4.048541317083855e-05
500,1.5714951573262257,0.01714178085649165,4.131005739257723e-05
501,1.5746381476408782,0.01732865423667863,4.214911540069175e-05
502,1.5777811379555304,0.017517110910299886,4.3002792043370356e-05
503,1.580924128270183,0.017707160003578627,4.387129425005857e-05
504,1.5840671185848354,0.017898810663671702,4.475483103639764e-05
505,1.5872101088994879,0.018092072058544257,4.565361351369722e-05
506,1.5903530992141404,0.018286953376844016,4.656785489430313e-05
507,1.5934960895287928,0.018483463827776932,4.749777050036475e-05
508,1.5966390798434453,0.018681612640977837,4.844357777056038e-05
509,1.5997820701580976,0.018881409066387286,4.940549626572324e-05
510,1.60292506047275,0.019082862374122926,5.038374767673348e-05
511,1.6060680507874026,0.019285981854353245,5.1378555829998207e-05
512,1.609211041102055,0.01949077681716899,5.23901466933267e-05
513,1.6123540314167075,0.019697256592457718,5.341874838294269e-05
514,1.61549702173136,0.019905430529774507,5.4464591167343965e-05
515,1.6186400120460125,0.020115307998215152,5.552790747453521e-05
516,1.6217830023606647,0.02032689838628674,5.6608931895550945e-05
517,1.6249259926753172,0.020540211101780777,5.770790119022998e-05
518,1.6280689829899697,0.020755255571644156,5.882505429225865e-05
519,1.6312119733046222,0.02097204124185028,5.9960632311815167e-05
520,1.6343549636192747,0.02119057757727223,6.111487854194216e-05
521,1.6374979539339272,0.021410874061550532,6.228803845992213e-05
522,1.6406409442485796,0.021632940196968806,6.348035973404309e-05
523,1.643783934563232,0.021856785504321623,6.469209222370503e-05
524,1.6469269248778844,0.02208241952278728,6.592348798417194e-05
525,1.6500699151925369,0.022309851809797988,6.717480126892662e-05
526,1.6532129055071894,0.022539091940912085,6.844628853351394e-05
527,1.6563558958218418,0.022770149509684205,6.973820843404187e-05
528,1.6594988861364943,0.02300303412753672,7.105082183362972e-05
529,1.6626418764511468,0.023237755423631823,7.238439180056183e-05
530,1.665784866765799,0.023474323044741698,7.373918361179965e-05
531,1.6689278570804515,0.023712746655121547,7.511546475300007e-05
532,1.672070847395104,0.023953035936378445,7.651350491781184e-05
533,1.6752138377097565,0.024195200587346546,7.793357601122254e-05
534,1.678356828024409,0.024439250323956413,7.937595214703223e-05
535,1.6814998183390615,0.02468519487910836,8.084090964955939e-05
536,1.684642808653714,0.024933044002545104,8.23287270513172e-05
537,1.6877857989683662,0.02518280746072159,8.38396850921676e-05
538,1.6909287892830187,0.025434495036681597,8.537406671957735e-05
539,1.6940717795976712,0.025688116529928882,8.69321570855859e-05
540,1.6972147699123237,0.025943681756300123,8.851424354488054e-05
541,1.7003577602269762,0.026201200547839063,9.012061565287644e-05
542,1.7035007505416286,0.02646068275267095,9.175156516288979e-05
543,1.7066437408562811,0.02672213823487734,9.340738602368055e-05
544,1.7097867311709334,0.02698557687436939,9.508837437445142e-05
545,1.7129297214855859,0.02725100856676374,9.67948285420402e-05
546,1.7160727118002383,0.027518443223259095,9.852704903720454e-05
547,1.7192157021148908,0.0277878907705106,0.00010028533854891371
548,1.7223586924295433,0.028059361150508166,0.00010207000194028268
549,1.7255016827441958,0.028332864320452268,0.0001038813462425143
550,1.7286446730588483,0.028608410252632843,0.00010571968065066022
551,1.7317876633735005,0.028886008934305537,0.00010758531651431597
552,1.734930653688153,0.029165670367572623,0.0001094785673344806
553,1.7380736440028055,0.02944740456926189,0.00011139974875534963
554,1.741216634317458,0.02973122157080455,0.00011334917855557906
555,1.7443596246321105,0.03001713141811961,0.00011532717664298603
556,1.747502614946763,0.030305144171491962,0.00011733406504384078
557,1.7506456052614154,0.03059526990545665,0.00011937016789595584
558,1.7537885955760677,0.030887518708681293,0.00012143581143997544
559,1.7569315858907202,0.031181900683848095,0.00012353132400671772
560,1.7600745762053727,0.03147842594754096,0.00012565703601136042
561,1.7632175665200251,0.031777104630128665,0.0001278132799397226
562,1.7663605568346776,0.032077946875651714,0.00013000039033940892
563,1.7695035471493301,0.0323809628417097,0.00013221870380772954
564,1.7726465374639826,0.032686162699348736,0.0001344685589796327
565,1.7757895277786349,0.03299355663295073,0.00013675029651654197
566,1.7789325180932873,0.03330315484012298,0.00013906425909216148
567,1.7820755084079398,0.033614967531588776,0.00014141079138061926
568,1.7852184987225923,0.033929004931079566,0.0001437902400414053
569,1.7883614890372448,0.03424527727522939,0.00014620295370717831
570,1.7915044793518973,0.034563794813465734,0.00014864928296694785
571,1.7946474696665498,0.03488456780790783,0.0001511295803523029
572,1.797790459981202,0.03520760653326061,0.00015364420032133776
573,1.8009334502958545,0.03553292127671509,0.00015619349924312652
574,1.804076440610507,0.035860522337844,0.00015877783537972766
575,1.8072194309251595,0.03619042002850413,0.00016139756887051385
576,1.810362421239812,0.03652262467273738,0.00016405306171403297
577,1.8135054115544644,0.03685714660667209,0.00016674467774882804
578,1.816648401869117,0.03719399617842796,0.0001694727826358709
579,1.8197913921837692,0.03753318374802248,0.00017223774384012656
580,1.8229343824984217,0.037874719687276306,0.0001750399306077242
581,1.8260773728130741,0.03821861437972192,0.00017787971394898103
582,1.8292203631277266,0.03856487822051531,0.00018075746661650106
583,1.832363353442379,0.038913521616343184,0.00018367356308207164
584,1.8355063437570316,0.03926455498534119,0.00018662837951763562
585,1.838649334071684,0.03961798875700496,0.00018962229377030408
586,1.8417923243863363,0.039973833372107276,0.0001926556853405668
587,1.8449353147009888,0.040332099282615996,0.00019572893535912207
588,1.8480783050156413,0.040692796951614776,0.0001988424265612815
589,1.8512212953302938,0.041055936853222716,0.00020199654326263832
590,1.8543642856449463,0.04142152947251899,0.00020519167133563982
591,1.8575072759595987,0.04178958530546776,0.00020842819818059314
592,1.8606502662742512,0.04216011485884443,0.00021170651270143514
593,1.8637932565889035,0.04253312865016582,0.00021502700527803917
594,1.866936246903556,0.042908637207620455,0.00021839006773891135
595,1.8700792372182085,0.04328665107000091,0.00022179609333183647
596,1.873222227532861,0.04366718078664049,0.00022524547669613507
597,1.8763652178475134,0.044050236917348065,0.00022873861383269968
598,1.879508208162166,0.04443583003235004,0.0002322759020749449
599,1.8826511984768184,0.04482397071222947,0.00023585774005615776
600,1.8857941887914706,0.04521466954787112,0.0002394845276807168
601,1.8889371791061231,0.04560793714040677,0.00024315666608998253
602,1.8920801694207756,0.04600378410116423,0.00024687455763119026
603,1.895223159735428,0.0464022210516178,0.0002506386058241427
604,1.8983661500500806,0.04680325862334078,0.00025444921532675113
605,1.901509140364733,0.047206907457962015,0.0002583067919016703
606,1.9046521306793855,0.047613178207123734,0.0002622117423809213
607,1.9077951209940378,0.04802208153244154,0.0002661644746286836
608,1.9109381113086903,0.04843362810546994,0.00027016539750897127
609,1.9140811016233428,0.04884782860766466,0.00027421492084390796
610,1.9172240919379953,0.04926469373035571,0.0002783134553801578
611,1.9203670822526477,0.04968423417471564,0.0002824614127480339
612,1.9235100725673002,0.05010646065173526,0.00028665920542360367
613,1.9266530628819527,0.05053138388220069,0.00029090724668983547
614,1.929796053196605,0.050959014596673846,0.0002952059505950838
615,1.9329390435112574,0.051389363535476136,0.0002995557319137076
616,1.93608203382591,0.051822441448671944,0.0003039570061033512
617,1.9392250241405624,0.05225825909606187,0.00030841018926231346
618,1.942368014455215,0.05269682724717283,0.0003129156980888783
619,1.9455110047698674,0.053138156681254906,0.00031747394983646916
620,1.9486539950845199,0.05358225818727902,0.0003220853622687311
621,1.9517969853991721,0.05402914256394111,0.00032675035361488016
622,1.9549399757138246,0.05447882061966656,0.0003314693425263343
623,1.958082966028477,0.054931303172621244,0.0003362427480283474
624,1.9612259563431296,0.05538660105072131,0.00034107098947125017
625,1.964368946657782,0.05584472509165348,0.00034595448648856643
626,1.9675119369724345,0.05630568614289124,0.0003508936589422001
627,1.970654927287087,0.05676949506172246,0.0003558889268789028
628,1.9737979176017393,0.05723616271527382,0.0003609407104760371
629,1.9769409079163918,0.05770569998054414,0.00036604942999438343
630,1.9800838982310442,0.05817811774443922,0.00037121550572532847
631,1.9832268885456967,0.05865342690381171,0.00037643935794053675
632,1.9863698788603492,0.059131638365503676,0.0003817214068367032
633,1.9895128691750017,0.0596127630463949,0.0003870620724856461
634,1.9926558594896542,0.06009681187345583,0.0003924617747783143
635,1.9957988498043064,0.06058379578380106,0.00039792093336994455
636,1.998941840118959,0.061073725724753156,0.0004034399676265263
637,2.0020848304336116,0.06156661265390453,0.00040901929656655457
638,2.005227820748264,0.062062467539189335,0.00041465933880560754
639,2.008370811062916,0.06256130135895613,0.00042036051249823064
640,2.0115138013775686,0.06306312510204828,0.0004261232352801409
641,2.014656791692221,0.06356794976788563,0.00043194792420842134
642,2.0177997820068736,0.06407578636655442,0.0004378349957028743
643,2.020942772321526,0.0645866459189002,0.0004437848654852058
644,2.0240857626361786,0.06510053945662543,0.00044979794851638977
645,2.027228752950831,0.06561747802239529,0.00045587465893751826
646,2.0303717432654835,0.06613747266994378,0.000462015410005517
647,2.033514733580136,0.06666053446418908,0.00046822061402887965
648,2.0366577238947885,0.06718667448135306,0.0004744906823058992
649,2.039800714209441,0.06771590380908579,0.00048082602505812095
650,2.0429437045240935,0.06824823354659597,0.000487227051365806
651,2.046086694838746,0.06878367480478662,0.0004936941690993022
652,2.0492296851533984,0.06932223870639864,0.0005002277848562107
653,2.0523726754680505,0.06986393638615662,0.0005068283038893706
654,2.055515665782703,0.07040877899092324,0.0005134961300404819
655,2.0586586560973554,0.07095677767985997,0.0005202316656708124
656,2.061801646412008,0.07150794362459136,0.0005270353115908055
657,2.0649446367266604,0.07206228800937801,0.0005339074669881085
658,2.068087627041313,0.07261982203129674,0.0005408485293592575
659,2.0712306173559654,0.07318055690042244,0.0005478588944327586
660,2.074373607670618,0.07374450384002347,0.0005549389561012241
661,2.0775165979852703,0.07431167408675682,0.0005620891063431335
662,2.080659588299923,0.0748820788908758,0.0005693097351516833
663,2.0838025786145753,0.07545572951644136,0.0005766012304567171
664,2.086945568929228,0.07603263724154236,0.0005839639780516198
665,2.0900885592438803,0.07661281335851966,0.0005913983615129952
666,2.0932315495585327,0.07719626917420314,0.0005989047621269289
667,2.096374539873185,0.07778301601015174,0.0006064835588083772
668,2.0995175301878373,0.07837306520290158,0.0006141351280226113
669,2.1026605205024897,0.07896642810422422,0.0006218598437051536
670,2.1058035108171422,0.07956311608138976,0.000629658077182634
671,2.1089465011317947,0.08016314051744111,0.0006375301970897325
672,2.112089491446447,0.0807665128114728,0.000645476569288346
673,2.1152324817610997,0.08137324437892085,0.0006534975567841467
674,2.118375472075752,0.08198334665185998,0.0006615935196431158
675,2.1215184623904046,0.08259683107931048,0.0006697648149082157
676,2.124661452705057,0.08321370912755142,0.0006780117965125209
677,2.1278044430197096,0.0838339922804442,0.0006863348151953851
678,2.130947433334362,0.08445769203976725,0.000694734218414597
679,2.1340904236490146,0.08508481992555558,0.0007032103502593457
680,2.137233413963667,0.08571538747645198,0.0007117635513630275
681,2.140376404278319,0.08634940625006918,0.0007203941588130359
682,2.1435193945929716,0.08698688782335914,0.0007291025060608969
683,2.146662384907624,0.08762784379299371,0.0007378889228352827
684,2.1498053752222765,0.08827228577575322,0.0007467537350467909
685,2.152948365536929,0.08892022540893087,0.0007556972646995896
686,2.1560913558515815,0.08957167435073794,0.0007647198297951775
687,2.159234346166234,0.09022664428073038,0.0007738217442423682
688,2.1623773364808865,0.09088514690023852,0.0007830033177625724
689,2.165520326795539,0.09154719393281008,0.0007922648557934105
690,2.1686633171101914,0.09221279712466532,0.0008016066593947562
691,2.171806307424844,0.0928819682451631,0.0008110290251515376
692,2.1749492977394964,0.09355471908727704,0.0008205322450780339
693,2.178092288054149,0.0942310614680854,0.0008301166065173809
694,2.1812352783688014,0.09491100722927127,0.0008397823920461946
695,2.1843782686834534,0.09559456823763743,0.0008495298793734755
696,2.187521258998106,0.09628175638563148,0.0008593593412416586
697,2.1906642493127584,0.09697258359188295,0.0008692710453238595
698,2.193807239627411,0.09766706180175623,0.0008792652541240492
699,2.1969502299420633,0.09836520298791483,0.0008893422248757785
700,2.200093220256716,0.09906701915089873,0.0008995022094362012
701,2.2032362105713683,0.0997725223197165,0.0009097454541855255
702,2.206379200886021,0.1004817245524498,0.0009200721999200685
703,2.2095221912006733,0.1011946379368738,0.0009304826817485657
704,2.2126651815153258,0.10191127459109113,0.0009409771289853725
705,2.2158081718299782,0.10263164666418027,0.0009515557650449071
706,2.2189511621446307,0.10335576633685892,0.000962218807332545
707,2.222094152459283,0.104083645822164,0.0009729664671384666
708,2.2252371427739357,0.10481529736614431,0.0009837989495270494
709,2.2283801330885877,0.10555073324857243,0.0009947164532287582
710,2.23152312340324,0.10628996578367128,0.0010057191705285268
711,2.2346661137178927,0.10703300732085441,0.0010168072871549604
712,2.237809104032545,0.10777987024548905,0.0010279809821697313
713,2.2409520943471977,0.10853056697967066,0.0010392404278541183
714,2.24409508466185,0.10928510998301764,0.001050585789594698
715,2.2472380749765026,0.11004351175348279,0.0010620172257718536
716,2.250381065291155,0.11080578482818432,0.0010735348876425561
717,2.2535240556058076,0.11157194178425343,0.0010851389192275014
718,2.25666704592046,0.11234199523970152,0.0010968294571920916
719,2.2598100362351126,0.11311595785430738,0.001108606630732383
720,2.262953026549765,0.11389384233052217,0.0011204705614555153
721,2.2660960168644175,0.11467566141439574,0.0011324213632617716
722,2.26923900717907,0.11546142789652358,0.0011444591422263013
723,2.272381997493722,0.116251154613013,0.0011565839964783955
724,2.2755249878083745,0.11704485444647238,0.0011687960160833054
725,2.278667978123027,0.1178425403270195,0.0011810952829162111
726,2.2818109684376795,0.11864422523331483,0.001193481870546433
727,2.284953958752332,0.119449922193614,0.0012059558441085449
728,2.2880969490669845,0.12025964428684853,0.0012185172601859758
729,2.291239939381637,0.1210734046437222,0.0012311661666794642
730,2.2943829296962894,0.12189121644783864,0.001243902602688438
731,2.297525920010942,0.12271309293684943,0.0012567265983820805
732,2.3006689103255944,0.12353904740362652,0.0012696381748734395
733,2.303811900640247,0.12436909319746459,0.0012826373440940216
734,2.3069548909548994,0.12520324372530298,0.0012957241086654532
735,2.310097881269552,0.12604151245297823,0.0013088984617692753
736,2.3132408715842043,0.12688391290650392,0.001322160387020519
737,2.3163838618988564,0.12773045867337518,0.001335509858337042
738,2.319526852213509,0.12858116340390374,0.0013489468398071751
739,2.3226698425281613,0.12943604081258175,0.001362471285561305
740,2.325812832842814,0.1302951046794719,0.0013760831396374864
741,2.3289558231574663,0.13115836885163382,0.001389782335851143
742,2.332098813472119,0.13202584724457253,0.0014035687976579518
743,2.3352418037867713,0.13289755384372706,0.0014174424380237645
744,2.3383847941014237,0.13377350270598445,0.001431403159287876
745,2.3415277844160762,0.13465370796122916,0.0014454508530255586
746,2.3446707747307287,0.13553818381392668,0.0014595853999151253
747,2.347813765045381,0.1364269445447393,0.0014738066695988343
748,2.3509567553600337,0.13732000451217802,0.0014881145205455594
749,2.354099745674686,0.1382173781542882,0.00150250879991012
750,2.3572427359893386,0.13911907999037723,0.0015169893433996094
751,2.3603857263039907,0.14002512462277059,0.0015315559751262235
752,2.363528716618643,0.14093552673861368,0.0015462085074708799
753,2.3666717069332956,0.14185030111171035,0.0015609467409419275
754,2.369814697247948,0.1427694626043979,0.0015757704640292764
755,2.3729576875626006,0.14369302616946836,0.0015906794530652314
756,2.376100677877253,0.14462100685212712,0.0016056734720783024
757,2.3792436681919056,0.1455534197919965,0.001620752272649103
758,2.382386658506558,0.14649028022516247,0.0016359155937663151
759,2.3855296488212105,0.1474316034862644,0.001651163161677558
760,2.388672639135863,0.14837740501063293,0.0016664946897450852
761,2.3918156294505155,0.14932770033647302,0.0016819098782979722
762,2.394958619765168,0.1502825051070957,0.0016974084144824005
763,2.3981016100798205,0.15124183507319694,0.0017129899721121968
764,2.401244600394473,0.15220570609518874,0.0017286542115194715
765,2.404387590709125,0.15317413414558134,0.0017444007794046553
766,2.4075305810237775,0.15414713531141566,0.001760229308682387
767,2.41067357133843,0.1551247257967531,0.0017761394183317897
768,2.4138165616530824,0.1561069219252161,0.0017921307132395005
769,2.416959551967735,0.15709374014258864,0.0018082027840492095
770,2.4201025422823874,0.15808519701947354,0.001824355207003271
771,2.42324553259704,0.1590813092540081,0.0018405875437898327
772,2.4263885229116924,0.16008209367464082,0.0018568993413833378
773,2.429531513226345,0.16108756724297021,0.0018732901318875867
774,2.4326745035409973,0.16209774705664812,0.001889759432379224
775,2.43581749385565,0.1631126503523466,0.0019063067447445162
776,2.4389604841703023,0.16413229450879271,0.0019229315555217693
777,2.442103474484955,0.16515669704987274,0.0019396333357390042
778,2.4452464647996073,0.16618587564780427,0.0019564115407523733
779,2.4483894551142593,0.1672198481263821,0.001973265610080571
780,2.451532445428912,0.16825863246429923,0.001990194967244431
781,2.4546754357435643,0.16930224679854,0.0020071990195987843
782,2.4578184260582168,0.17035070942785363,0.002024277158165897
783,2.4609614163728692,0.17140403881630847,0.0020414287574719954
784,2.4641044066875217,0.17246225359692416,0.0020586531753748476
785,2.467247397002174,0.17352537257539274,0.002075949752896386
786,2.4703903873168267,0.17459341473388132,0.00209331781405261
787,2.473533377631479,0.17566639923492666,0.0021107566656813474
788,2.4766763679461317,0.17674434542541875,0.002128265597270487
789,2.479819358260784,0.17782727284067726,0.002145843880783244
790,2.4829623485754366,0.17891520120862567,0.002163490770484582
791,2.486105338890089,0.18000815045406254,0.0021812055027642715
792,2.4892483292047416,0.18110614070303205,0.0021989872959601395
793,2.4923913195193936,0.18220919228730179,0.0022168353501791967
794,2.495534309834046,0.18331732574894513,0.002234748847119762
795,2.4986773001486986,0.1844305618450309,0.0022527269498872613
796,2.501820290463351,0.1855489215524309,0.0022707688028152278
797,2.5049632807780036,0.18667242607273765,0.002288873531279303
798,2.508106271092656,0.1878010968373043,0.00230704024151493
799,2.5112492614073085,0.18893495551240536,0.0023252680204277963
800,2.514392251721961,0.19007402400452353,0.0023435559354087637
801,2.5175352420366135,0.19121832446576592,0.0023619030341434327
802,2.520678232351266,0.19236787929941282,0.0023803083444225367
803,2.5238212226659185,0.19352271116560177,0.002398770873947803
804,2.526964212980571,0.19468284298715577,0.00241728961013955
805,2.5301072032952234,0.1958482979555531,0.00243586351994188
806,2.533250193609876,0.19701909953704663,0.0024544915496238643
807,2.536393183924528,0.19819527147893776,0.002473172624582302
808,2.5395361742391804,0.19937683781600696,0.0024919056491397996
809,2.542679164553833,0.2005638228771067,0.002510689506344266
810,2.5458221548684854,0.20175625129192268,0.0025295230577641044
811,2.548965145183138,0.20295414799790595,0.0025484051432809736
812,2.5521081354977904,0.20415753824738464,0.002567334580882981
813,2.555251125812443,0.20536644761485653,0.0025863101664552776
814,2.5583941161270953,0.20658090200447038,0.0026053306735673723
815,2.561537106441748,0.20780092765770353,0.002624394853259133
816,2.5646800967564003,0.20902655116123617,0.0026435014338238973
817,2.567823087071053,0.2102577994550357,0.002662649120589952
818,2.5709660773857053,0.21149469984065217,0.002681836595703115
819,2.5741090677003577,0.21273727998973171,0.002701062517898423
820,2.5772520580150102,0.21398556795275903,0.0027203255222765263
821,2.5803950483296623,0.2152395921680333,0.0027396242200777056
822,2.5835380386443147,0.21649938147088282,0.002758957198447956
823,2.5866810289589672,0.2177649651031303,0.002778323020207204
824,2.5898240192736197,0.2190363727228145,0.0027977202236127542
825,2.592967009588272,0.22031363441417787,0.0028171473221209275
826,2.5961099999029247,0.2215967806979243,0.0028366028041428718
827,2.599252990217577,0.2228858425417659,0.002856085132801941
828,2.6023959805322296,0.22418085137125615,0.0028755927456854285
829,2.605538970846882,0.22548183908092706,0.002895124054591417
830,2.6086819611615346,0.22678883804573866,0.0029146774452736154
831,2.611824951476187,0.22810188113285082,0.002934251277186426
832,2.6149679417908396,0.22942100171372595,0.0029538438832207962
833,2.618110932105492,0.23074623367658068,0.002973453569438048
834,2.6212539224201445,0.2320776114391886,0.0029930786148003805
835,2.6243969127347966,0.23341516996205744,0.003012717270901849
836,2.627539903049449,0.2347589447619826,0.0030323677616843118
837,2.6306828933641015,0.2361089719259981,0.0030520282831604335
838,2.633825883678754,0.23746528812573584,0.0030716970031261677
839,2.6369688739934065,0.23882793063220709,0.003091372060869232
840,2.640111864308059,0.24019693733102424,0.0031110515668760826
841,2.6432548546227115,0.2415723467380726,0.0031307336025294705
842,2.646397844937364,0.24295419801565651,0.0031504162198036094
843,2.6495408352520164,0.24434253098912864,0.003170097440954485
844,2.652683825566669,0.24573738616402754,0.003189775258202738
845,2.6558268158813214,0.2471388047437371,0.0032094476334134964
846,2.658969806195974,0.24854682864768746,0.0032291124977669888
847,2.6621127965106264,0.24996150053012306,0.0032487677514268652
848,2.665255786825279,0.2513828637994493,0.003268411263198125
849,2.668398777139931,0.25281096263819025,0.0032880408701843177
850,2.6715417674545834,0.25424584202357364,0.0033076543774316746
851,2.674684757769236,0.25568754774876606,0.003327249557567393
852,2.6778277480838883,0.2571361264447928,0.0033468241504378358
853,2.680970738398541,0.25859162560315585,0.003366375862725755
854,2.6841137287131933,0.2600540935991894,0.003385902367575855
855,2.687256719027846,0.2615235797161716,0.0034054013041938907
856,2.6903997093424983,0.2630001341702307,0.0034248702774567173
857,2.6935426996571508,0.2644838081360724,0.0034443068574970138
858,2.6966856899718032,0.26597465377356205,0.003463708579287337
859,2.6998286802864557,0.26747272425519814,0.0034830729422128015
860,2.702971670601108,0.26897807379451144,0.0035023974096352697
861,2.7061146609157607,0.2704907576754289,0.0035216794084409813
862,2.709257651230413,0.2720108322826408,0.003540916328588033
863,2.712400641545065,0.2735383551330146,0.0035601055226307196
864,2.7155436318597177,0.27507338490809996,0.0035792443052423185
865,2.71868662217437,0.27661598148776506,0.003598329952716152
866,2.7218296124890227,0.27816620598502234,0.003617359702465576
867,2.724972602803675,0.2797241207820863,0.0036363307524971697
868,2.7281155931183276,0.2812897895677193,0.0036552402608824065
869,2.73125858343298,0.28286327737592337,0.0036740853452045304
870,2.7344015737476326,0.2844446506260337,0.00369286308199948
871,2.737544564062285,0.286033977164279,0.003711570506172552
872,2.7406875543769376,0.2876313263068713,0.0037302046104058847
873,2.74383054469159,0.28923676888469485,0.003748762344544755
874,2.7469735350062425,0.29085037728966895,0.0037672406149643315
875,2.750116525320895,0.29247222552285607,0.003785636283924194
876,2.7532595156355475,0.29410238924440163,0.003803946168895283
877,2.7564025059501995,0.295740945825383,0.0038221670418727835
878,2.759545496264852,0.29738797440166687,0.0038402956286644773
879,2.7626884865795045,0.29904355592985715,0.003858328608152539
880,2.765831476894157,0.3007077732454467,0.003876262611543461
881,2.7689744672088095,0.302380711123266,0.0038940942215822975
882,2.772117457523462,0.304062456340349,0.003911819971744081
883,2.7752604478381144,0.3057530977413281,0.0039294363454013175
884,2.778403438152767,0.3074527263064858,0.0039469397749576154
885,2.7815464284674194,0.3091614352225949,0.003964326640960106
886,2.784689418782072,0.31087931995668544,0.003981593271168865
887,2.7878324090967244,0.31260647833288563,0.0039987359396054505
888,2.790975399411377,0.3143430106124962,0.0040157508655602235
889,2.7941183897260293,0.31608901957746177,0.004032634212561545
890,2.797261380040682,0.3178446106174174,0.00404938208731545
891,2.800404370355334,0.3196098918204954,0.004065990538597448
892,2.8035473606699863,0.3213849740680941,0.004082455556104476
893,2.806690350984639,0.32316997113381535,0.004098773069267355
894,2.8098333412992913,0.32496499978680204,0.004114938946008378
895,2.812976331613944,0.3267701798997073,0.004130948991457605
896,2.8161193219285963,0.3285856345615557,0.004146798946612054
897,2.8192623122432487,0.33041149019576443,0.00416248448694467
898,2.8224053025579012,0.33224787668361183,0.004178001220950163
899,2.8255482928725537,0.33409492749346714,0.004193344688641081
900,2.828691283187206,0.3359527798161034,0.004208510359964116
901,2.8318342735018587,0.3378215747064488,0.004223493633164508
902,2.834977263816511,0.3397014572321506,0.004238289833067758
903,2.8381202541311636,0.3415925766293499,0.00425289420929162
904,2.841263244445816,0.3434950864661014,0.0042673019343771575
905,2.844406234760468,0.34540914481389184,0.0042815081018337435
906,2.8475492250751206,0.3473349144277553,0.004295507724093373
907,2.850692215389773,0.3492725629355049,0.004309295730376994
908,2.8538352057044256,0.3512222630366558,0.004322866964446509
909,2.856978196019078,0.353184192711641,0.004336216182266334
910,2.8601211863337306,0.3551585354419753,0.0043493380495374205
911,2.863264176648383,0.35714548044207156,0.0043622271391160344
912,2.8664071669630355,0.3591452229034607,0.0043748779283070095
913,2.869550157277688,0.3611579642522344,0.004387284796012491
914,2.8726931475923405,0.3631839124205867,0.0043994420197446035
915,2.875836137906993,0.3652232821333995,0.004411343772474091
916,2.8789791282216455,0.36727629521089955,0.004422984119315878
917,2.882122118536298,0.36934318088848644,0.004434357014041816
918,2.8852651088509504,0.37142417615493395,0.004445456295405499
919,2.8884080991656025,0.3735195261102543,0.00445627568325269
920,2.891551089480255,0.375629484344635,0.004466808774426517
921,2.8946940797949074,0.3777543133399636,0.004477049038446658
922,2.89783707010956,0.379894284895603,0.00448698981292721
923,2.9009800604242124,0.38204968058020955,0.004496624298732284
924,2.904123050738865,0.3842207922115543,0.004505945554859445
925,2.9072660410535174,0.38640792236647814,0.004514946492988716
926,2.91040903136817,0.3886113849233079,0.004523619871734986
927,2.9135520216828223,0.39083150563927094,0.004531958290513617
928,2.916695011997475,0.39306862276568794,0.004539954183049054
929,2.9198380023121273,0.3953230877039796,0.004547599810445993
930,2.92298099262678,0.39759526570581866,0.004554887253833044
931,2.9261239829414323,0.3998855366210833,0.004561808406518886
932,2.9292669732560848,0.4021942956976231,0.004568354965614954
933,2.932409963570737,0.4045219544372575,0.004574518423095068
934,2.9355529538853893,0.40686894151287595,0.004580290056259821
935,2.9386959442000418,0.40923570375199947,0.004585660917501287
936,2.9418389345146942,0.4116227071927486,0.004590621823360588
937,2.9449819248293467,0.41403043821877134,0.0045951633427871175
938,2.948124915143999,0.41645940478041277,0.004599275784539572
939,2.9512679054586517,0.4189101377101992,0.004602949183630911
940,2.954410895773304,0.4213831921416165,0.004606173286753072
941,2.9575538860879567,0.4238791490411852,0.00460893753656631
942,2.960696876402609,0.4263986168649876,0.004611231054744703
943,2.9638398667172616,0.42894223335212456,0.0046130426236601725
944,2.966982857031914,0.4315106674690644,0.0046143606665669445
945,2.9701258473465666,0.4341046215205618,0.004615173226122492
946,2.973268837661219,0.4367248334447636,0.00461546794110495
947,2.976411827975871,0.43937207931235933,0.004615232021067811
948,2.9795548182905236,0.4420471760521904,0.004614452218773851
949,2.982697808605176,0.4447509844286835,0.004613114800158012
950,2.9858407989198286,0.4474844122998871,0.004611205511465721
951,2.988983789234481,0.45024841818882144,0.004608709543342415
952,2.9921267795491335,0.45304401520543747,0.004605611491449747
953,2.995269769863786,0.4558722753617981,0.00460189531319705
954,2.9984127601784385,0.45873433432932464,0.004597544280142367
955,3.001555750493091,0.4616313966942297,0.004592540925457796
956,3.0046987408077435,0.4645647417758249,0.004586866985920417
957,3.007841731122396,0.4675357300824883,0.004580503337571866
958,3.0109847214370484,0.4705458104920358,0.004573429924350209
959,3.014127711751701,0.4735965282574376,0.004565625678555734
960,3.0172707020663534,0.4766895339557665,0.004557068432174673
961,3.0204136923810054,0.4798265935185552,0.004547734817504777
962,3.023556682695658,0.4830095995061545,0.004537600155746564
963,3.0266996730103104,0.48624058381817425,0.004526638331494123
964,3.029842663324963,0.48952173206792127,0.004514821651002016
965,3.0329856536396154,0.4928553998924494,0.004502120681584846
966,3.036128643954268,0.4962441315234707,0.004488504068988001
967,3.0392716342689203,0.4996906810105287,0.004473938328981272
968,3.042414624583573,0.5031980365699475,0.004458387608404832
969,3.0455576148982253,0.5067694486355847,0.004441813410426427
970,3.048700605212878,0.510408462316304,0.0044241742768118845
971,3.0518435955275303,0.5141189551282209,0.004405425419079887
972,3.0549865858421827,0.5179051810778493,0.004385518288001807
973,3.0581295761568352,0.5217718224397544,0.00436440006847928
974,3.0612725664714877,0.525724050919117,0.00434201308355886
975,3.0644155567861397,0.5297676003433422,0.004318294086597223
976,3.0675585471007922,0.5339088536263084,0.004293173415517332
977,3.0707015374154447,0.5381549475491827,0.004266573974472823
978,3.073844527730097,0.5425138999824748,0.004238409998644464
979,3.0769875180447497,0.5469947656512726,0.00420858554313089
980,3.080130508359402,0.551607828592073,0.004176992617338801
981,3.0832734986740546,0.5563648423259003,0.00414350885870025
982,3.086416488988707,0.5612793328796271,0.004107994599808073
983,3.0895594793033596,0.566366985755526,0.004070289125465126
984,3.092702469618012,0.5716461467897149,0.004030205831538793
985,3.0958454599326646,0.577138480218782,0.003987525868200045
986,3.098988450247317,0.5828698480089932,0.003941989650764069
987,3.1021314405619695,0.5888715075136414,0.0038932853038027124
988,3.105274430876622,0.5951817787030861,0.0038410325827209083
989,3.108417421191274,0.6018484242814666,0.0037847599311555185
990,3.1115604115059265,0.6089321488841628,0.0037238707668168333
991,3.114703401820579,0.6165119255862009,0.0036575921814352703
992,3.1178463921352315,0.6246934502252562,0.003584893547393939
993,3.120989382449884,0.6336232666776781,0.003504350572797313
994,3.1241323727645365,0.6435139409231123,0.00341390309212402
995,3.127275363079189,0.6546928570881858,0.003310385704016973
996,3.1304183533938414,0.6677082640966074,0.0031885079525473953
997,3.133561343708494,0.6836016044116362,0.0030382359259704694
998,3.1367043340231464,0.7048273303405544,0.0028359497212569833
999,3.139847324337799,0.7408870823182047,0.002490286679381853
